prompt,completion
Summarize this content briefly.,IE 11 is not supported. For an optimal experience visit our site on another browser.
Explain the key insights mentioned here.,Trump picks Rep. Mike Waltz to be his national security adviser
What is the conclusion of this section?,The role doesn't require Senate confirmation.
What is the conclusion of this section?,"Nov. 12, 2024, 12:39 AM UTC / Updated Nov. 12, 2024, 1:11 AM UTC"
What is the main topic of this paragraph?,"By Garrett Haake, Olympia Sonnier, Vaughn Hillyard and Raquel Coronell Uribe"
What is the conclusion of this section?,"President-elect Donald Trump has picked Rep. Mike Waltz, R-Fla., to be his national security adviser, according to four sources familiar with the decision."
Summarize this content briefly.,"Waltz is a Green Beret veteran who served in Afghanistan, the Middle East and Africa. Since 2019, he has represented a congressional district in the House, where he's a member of the Armed Services, Foreign Affairs and Intelligence committees."
What is the main topic of this paragraph?,The Wall Street Journal first reported Trump’s pick.
Summarize this content briefly.,Waltz’s office didn’t immediately respond to a request for comment.
Explain the key insights mentioned here.,Waltz is a particularly hawkish member of Congress when it comes to China. He's a member of the House’s China Task Force and has argued that the U.S. is underprepared if there is a conflict in the region.
Explain the key insights mentioned here.,"Like many congressional Republicans, Waltz has also criticized U.S. aid to Ukraine in its war against Russia. In an interview with NPR on Nov. 4, he said the U.S. had “leverage” to get Russian President Vladimir Putin to the negotiating table to negotiate a “diplomatic resolution” to end the war."
What is the main topic of this paragraph?,The role of White House national security adviser doesn’t require Senate confirmation.
Explain the key insights mentioned here.,Waltz joins Rep. Elise Stefanik of New York as the second House Republican Trump has tapped for posts in his new administration. He selected Stefanik to be the U.S. ambassador to the United Nations.
What is the conclusion of this section?,Garrett Haake is NBC News' senior Capitol Hill correspondent. He also covers the Trump campaign.
What is the main topic of this paragraph?,Olympia Sonnier is a field producer for NBC News.
Summarize this content briefly.,Vaughn Hillyard is a correspondent for NBC News.
What is the main topic of this paragraph?,Raquel Coronell Uribe
What is the conclusion of this section?,Raquel Coronell Uribe is a breaking news reporter.
Explain the key insights mentioned here.,Katherine Doyle and Matt Dixon contributed.
Explain the key insights mentioned here.,"© 2024 NBCUniversal Media, LLC"
What is the main topic of this paragraph?,IE 11 is not supported. For an optimal experience visit our site on another browser.
What is the main topic of this paragraph?,Trump chooses Rep. Elise Stefanik to serve as U.S. ambassador to the United Nations
Explain the key insights mentioned here.,"Stefanik, a staunch defender of Israel, is the president-elect's first Cabinet pick for his second term."
What is the conclusion of this section?,"Nov. 11, 2024, 1:24 PM UTC / Updated Nov. 11, 2024, 10:10 PM UTC"
Explain the key insights mentioned here.,By Garrett Haake and Rebecca Shabad
What is the conclusion of this section?,"President-elect Donald Trump has tapped House Republican Conference chair and longtime ally Rep. Elise Stefanik, of New York, to serve as ambassador to the United Nations."
What is the conclusion of this section?,Stefanik is Trump's first Cabinet pick for his second term in the White House.
What is the conclusion of this section?,"“I am honored to nominate Chairwoman Elise Stefanik to serve in my Cabinet as U.S. Ambassador to the United Nations. Elise is an incredibly strong, tough, and smart America First fighter,” Trump said in a statement Monday."
Explain the key insights mentioned here.,"Stefanik said she was ""truly honored"" by Trump's announcement."
Summarize this content briefly.,"""I stand ready to advance President Donald J. Trump’s restoration of America First peace through strength leadership on the world stage on Day One at the United Nations,"" she said in a statement."
What is the main topic of this paragraph?,News of Trump's pick was first reported by CNN.
Explain the key insights mentioned here.,"Stefanik, 40, has been a staunch defender of Israel in its response to Hamas' Oct. 7 attacks and has been outspoken over the last year about antisemitism on college campuses. A day before last week's election, Stefanik reiterated her call for the defunding of the United Nations Relief and Works Agency for Palestine Refugees in the Near East because she alleges it has been infiltrated by Hamas."
Explain the key insights mentioned here.,"Israel has accused staff members of the organization of participating in the Oct. 7 terror attacks, prompting it to fire at least 10 people. Israel's parliament voted in late October to ban the organization's operations."
What is the main topic of this paragraph?,"Stefanik has served as the chairwoman of the House Republican Conference since May 2021, after then-Rep. Liz Cheney, R-Wyo., was ousted over her vocal criticism of Trump. Stefanik has served in the House since 2015 and represents New York's 21st Congressional District, which covers upstate New York, bordering Vermont and Canada."
What is the conclusion of this section?,"Any appointments by Trump that lead to vacancies in the House could prove problematic for House Republicans. While they could maintain control of the lower chamber, an election outcome that NBC News has not yet called, their margin will be slim, and they struggled throughout the last Congress to maintain effective control of the body with few votes to spare."
What is the conclusion of this section?,Garrett Haake is NBC News' senior Capitol Hill correspondent. He also covers the Trump campaign.
What is the main topic of this paragraph?,Rebecca Shabad is a politics reporter for NBC News based in Washington.
Summarize this content briefly.,Jake Traylor and Raquel Coronell Uribe contributed.
Explain the key insights mentioned here.,"© 2024 NBCUniversal Media, LLC"
Explain the key insights mentioned here.,IE 11 is not supported. For an optimal experience visit our site on another browser.
Summarize this content briefly.,Trump names oil industry CEO Chris Wright as energy secretary pick
Explain the key insights mentioned here.,"Wright is the founder and CEO of Liberty Energy, an oilfield services firm based in Denver."
What is the conclusion of this section?,"Nov. 16, 2024, 10:00 PM UTC"
Explain the key insights mentioned here.,"President-elect Donald Trump said on Saturday that oil and gas industry executive Chris Wright, a staunch defender of fossil fuel use, would be his pick to lead the Department of Energy."
Explain the key insights mentioned here.,"Wright is the founder and CEO of Liberty Energy, an oilfield services firm based in Denver. He is expected to support Trump’s plan to maximize production of oil and gas and to seek ways to boost generation of electricity, demand for which is rising for the first time in decades."
Explain the key insights mentioned here.,He is also likely to share Trump’s opposition to global cooperation on fighting climate change. Wright has called climate change activists alarmist and has likened efforts by Democrats to combat global warming to Soviet-style communism.
What is the main topic of this paragraph?,"“There is no climate crisis, and we’re not in the midst of an energy transition, either,” Wright said in a video posted to his LinkedIn profile last year."
Explain the key insights mentioned here.,"Wright, who does not have any political experience, has written extensively on the need for more fossil fuel production to lift people out of poverty."
Summarize this content briefly.,"He has stood out among oil and gas executives for his freewheeling style, and describes himself as a tech nerd."
Explain the key insights mentioned here.,Wright made a media splash in 2019 when he drank fracking fluid on camera to demonstrate it was not dangerous.
What is the main topic of this paragraph?,"U.S. oil output hit the highest level any country has ever produced under Biden, and it is uncertain how much Wright and the incoming administration could boost that."
Summarize this content briefly.,Most drilling decisions are driven by private companies working on land not owned by the federal government.
Summarize this content briefly.,"The Department of Energy handles U.S. energy diplomacy, administers the Strategic Petroleum Reserve — which Trump has said he wants to replenish — and runs grant and loan programs to advance energy technologies, such as the Loan Programs Office."
Explain the key insights mentioned here.,"The secretary also oversees the aging U.S. nuclear weapons complex, nuclear energy waste disposal, and 17 national labs."
What is the conclusion of this section?,"If confirmed by the Senate, Wright will replace Jennifer Granholm, a supporter of electric vehicles, emerging energy sources like geothermal power and a backer of carbon-free wind, solar and nuclear energy."
What is the main topic of this paragraph?,"Wright will also likely be involved in permitting of electricity transmission and the expansion of nuclear power, an energy source that is popular with both Republicans and Democrats but which is expensive and complicated to permit."
Summarize this content briefly.,"Power demand in the United States is surging for the first time in two decades amid growth in artificial intelligence, electric vehicles and cryptocurrencies."
What is the main topic of this paragraph?,"© 2024 NBCUniversal Media, LLC"
